"dataset","response_mean","response_sd","predictors","k_fold","test_mean","test_sd","mse","std_mse","std_mse_sqrt","num_training_samples","num_coefficients","r_sq","r_sq_adj"
"1",1,1.23998601476212,0.230578720230437,"FFF",1,1.21937852440638,0.210314492487838,0.0445379506840431,0.211768338725486,0.460182940498108,1488,1,0,0
"2",1,1.23998601476212,0.230578720230437,"TFF",1,1.21937852440638,0.210314492487838,0.000835823017384464,0.00397415797407683,0.0630409230109842,1488,2,0.982634435681364,0.982622749568094
"3",1,1.23998601476212,0.230578720230437,"FTF",1,1.21937852440638,0.210314492487838,0.00329483624379039,0.0156662349076154,0.125164830953489,1488,2,0.935204690806164,0.935161086964176
"4",1,1.23998601476212,0.230578720230437,"TTF",1,1.21937852440638,0.210314492487838,0.000508922839931187,0.00241981821562114,0.0491916478238038,1488,3,0.990112131390487,0.990098814395727
"5",1,1.23998601476212,0.230578720230437,"FFT",1,1.21937852440638,0.210314492487838,0.00242269342942209,0.0115193841411675,0.107328393918699,1488,2,0.952110293285747,0.952078066026854
"6",1,1.23998601476212,0.230578720230437,"TFT",1,1.21937852440638,0.210314492487838,0.000761550248740998,0.00362100699639154,0.0601748036672455,1488,3,0.98448768618598,0.984466794180843
"7",1,1.23998601476212,0.230578720230437,"FTT",1,1.21937852440638,0.210314492487838,0.00078834647254508,0.00374841725465338,0.0612243191440573,1488,3,0.984591349501206,0.984570597109962
"8",1,1.23998601476212,0.230578720230437,"TTT",1,1.21937852440638,0.210314492487838,0.000509372838965172,0.00242195786386251,0.0492133911030576,1488,4,0.990118208609886,0.990098231942655
